A+,A,B+,B,C,D
기아,CJ대한통운,삼양홀딩스,동화약품,KR모터스,국보
SK,노루홀딩스,대동,삼일제약,CS홀딩스,신일전자
KB금융,현대건설,GS글로벌,유니온,보해양조,동방
포스코,LX인터내셔널,아세아,백광산업,대한제분,부산주공
NAVER,SK네트웍스,SUN&L,코오롱,SG글로벌,삼호개발
BNK금융지주,아모레퍼시픽그룹,한일홀딩스,SH에너지화학,조비,광명전기
S-Oil,대신증권,보령제약,삼영무역,신화실업,팬오션
포스코인터내셔널,한솔홀딩스,삼익THK,대웅,동성제약,삼부토건
DGB금융지주,롯데지주,SGC에너지,삼영화학공업,오리엔트바이오,미원상사
풀무원,DB손해보험,삼성전자,삼일씨엔에스,삼영무역,엔피씨
신한지주,GS건설,AK홀딩스,조광페인트,유화증권,동부건설
JB금융지주,호텔신라,메리츠증권,코스모화학,넥스트사이언스,부산산업
케이티,한국조선해양,화신,크라운해태홀딩스,태양금속공업,삼원강재
SK이노베이션,엘에스일렉트릭,HDC,이수화학,덕성,한미반도체
,HMM,한국전력공사,카프로,코스모신소재,알루코
,한화에어로스페이스,세아특수강,디티알오토모티브,삼아알미늄,유성기업
,현대엘리베이터,팬오션,사조동아원,삼성공조,세방
,코웨이,NICE,신원,미래아이앤지,윌비스
,삼성물산,하나투어,모토닉,선도전기,갤럭시아에스엠
,삼성생명,테이팩스,웰바이오텍,이건산업,MH에탄올
,엔씨소프트,한국금융지주,STX,금비,삼성출판사
,KSS해운,동양생명,모나리자,KC그린홀딩스,고려산업
,한미글로벌,효성 ITX,사조씨푸드,우진아이엔에스,금호건설
,한라홀딩스,GKL,대현,진원생명과학,티웨이홀딩스
,지역난방공사,한국타이어앤테크놀로지,대성홀딩스,한신기계공업,동양철관
,LIG넥스원,경보제약,우신시스템,세우글로벌,아센디오
,현대글로비스,넷마블,키다리스튜디오,지누스,한국주강
,CJ제일제당,두산퓨얼셀,대원화성,성문전자,진도
,이마트,하이트진로,케이씨,큐로,SH에너지화학
,코스맥스,가온전선,우리금융캐피탈,조일알미늄,부광약품
,SK디앤디,세아베스틸,HDC아이콘트롤스,한국종합기술,신라교역
,현대일렉트릭,도화엔지니어링,다스코,WISCOM,삼정펄프
,롯데제과,신풍제지,STX중공업,미래산업,계룡건설산업
,효성티앤씨,영진약품,티비에이치글로벌,동서,동아지질
,현대에너지솔루션,남양유업,동양피스톤,황금에스티,한국캐피탈
,두산,서울식품공업,비상교육,주연테크,AP시스템
,한화손해보험,녹십자홀딩스,한국철강,세이브존I&C,코엔텍
,삼성화재해상보험,화승인더스트리,대성에너지,코아스,이녹스첨단소재
,대한전선,사조산업,인터지스,텔코웨어,삼표시멘트
,오리온홀딩스,한솔로지스틱스,DSR,엔케이,상상인
,TYM,아이에스동서,LS전선아시아,KPX홀딩스,메디톡스
,LG,화승코퍼레이션,쿠쿠홈시스,인바이오젠,
,신세계,서울도시가스,솔루스첨단소재,호전실업,
,빙그레,대교,메리츠화재,대성산업,
,NH투자증권,제일기획,CS홀딩스,세화아이엠씨,
,삼성SDI,신세계I&C,페이퍼코리아,디와이파워,
,한미사이언스,코스맥스비티아이,BYC,미원에스씨,
,무림P&P,세아홀딩스,경농,경방,
,한솔피엔에스,농심홀딩스,화성산업,천일고속,
,현대위아,미래에셋생명,한국쉘석유,한국주철관공업,
,에스원,웅진씽크빅,디아이,유진증권,
,애경산업,한전산업,신흥,KG케미칼,
,롯데쇼핑,한국콜마,삼화왕관,제일연마,
,삼성카드,잇츠한불,코스모신소재,대한제당,
,케이티앤지,진에어,한국공항,한일철강,
,팜스코,유한양행,풍산홀딩스,동일제강,
,대우건설,흥국화재,동원산업,대유에이텍,
,현대홈쇼핑,SK증권,대한유화,유안타증권,
,현대로템,고려제강,샘표,방림,
,롯데하이마트,세아제강지주,서흥,남성,
,휴비스,한화투자증권,광동제약,동일산업,
,하나금융지주,사조대림,한국내화,모나미,
,LX하우시스,삼천리,평화홀딩스,대원전선,
,삼양사,SPC삼립,신성이엔지,영풍제지,
,해성디에스,녹십자,일성건설,디티알오토모티브,
,한솔제지,이수페타시스,동원시스템즈,폴루스바이오팜,
,현대건설기계,태영건설,KG동부제철,NI스틸,
,BGF리테일,금호석유화학,두올,케이씨티시,
,효성중공업,한라,광전자,한창제지,
,DL,E1,일진디스플,진양폴리우레탄,
,롯데손해보험,다우기술,에스제이엠홀딩스,삼화전자공업,
,한화,KTB투자증권,교보증권,신성이엔지,
,현대해상,한국가스공사,무학,일성건설,
,롯데푸드,동원F&B,상신브레이크,대영포장,
,삼양식품,종근당바이오,SNT모티브,이스타코,
,포스코케미칼,금호타이어,유니퀘스트,일진홀딩스,
,현대비앤지스틸,HDC현대EP,평화산업,동원금속,
,롯데칠성음료,동성케미컬,LF,동남합성,
,SK디스커버리,선진,SNT에너지,디씨엠,
,GS리테일,동일고무벨트,한세실업,제이준코스메틱,
,삼성전기,현대코퍼레이션홀딩스,우리들휴브레인,케이씨,
,한화솔루션,삼양패키징,화인베스틸,자화전자,
,현대미포조선,하이트진로홀딩스,애경유화,유니온머티리얼,
,현대코퍼레이션,유수홀딩스,JW생명과학,대호에이엘,
,한솔케미칼,종근당홀딩스,하나제약,유엔젤,
,삼성에스디에스,넥센타이어,유유제약,일진다이아,
,한솔홈데코,일신방직,천일고속,평화산업,
,신세계인터내셔날,코리안리,JW중외제약,기신정기,
,두산중공업,한국석유공업,신영증권,일진전기,
,광주신세계,DRB동일,삼양통상,씨에스윈드,
,한국항공우주,넥센,제일파마홀딩스,인터지스,
,포스코강판,한일현대시멘트,혜인,애경유화,
,LG전자,F&F 홀딩스,대원제약,금호에이치티,
,GS,경동나비엔,태양금속공업,동아타이어,
,휠라홀딩스,계양전기,세방전지,성창기업지주,
,한화생명,유니드,한창,영풍,
,코오롱인더,한국카본,삼진제약,페이퍼코리아,
,동아에스티,기업은행,원림,남광토건,
,서연이화,LG디스플레이,삼아알미늄,태원물산,
,이노션,SNT홀딩스,영풍제지,금양,
,경동도시가스,LG화학,국도화학,비비안,
,SK케미칼,셀트리온,율촌화학,세기상사,
,효성첨단소재,STX엔진,참엔지니어링,TCC스틸,
,일동홀딩스,제주항공,우리종금,에이프로젠제약,
,동아쏘시오홀딩스,풍산,에넥스,한진중공업홀딩스,
,DB하이텍,메리츠금융지주,DB,미창석유공업,
,현대차증권,엔에이치엔,디와이,삼화왕관,
,한진,두산밥캣,대창단조,씨아이테크,
,쌍용씨앤이,한일시멘트,한세예스24홀딩스,신성통상,
,롯데정밀화학,삼화페인트공업,퍼시스,카프로,
,한솔테크닉스,동국제강,조일알미늄,신송홀딩스,
,현대자동차,DL건설,서원,에이프로젠 MED,
,제주은행,케이씨씨,이구산업,국도화학,
,오뚜기,태광산업,롯데관광개발,문배철강,
,무림페이퍼,대한화섬,SBS,경인전자,
,영원무역홀딩스,농심,유니온머티리얼,삼화전기,
,LG이노텍,성신양회,대호에이엘,화천기계,
,SKC,에스엘,그린케미칼,태림포장,
,삼성증권,미래에셋증권,티웨이항공,영화금속,
,SK가스,서연,AJ네트웍스,디와이,
,BGF,삼성중공업,SBS미디어홀딩스,금강공업,
,신세계푸드,경동인베스트,우진,대창단조,
,강원랜드,예스코홀딩스,아이마켓코리아,신대양제지,
,대우조선해양,한온시스템,핸즈코퍼레이션,하이트론씨스템즈,
,LG생활건강,한국콜마홀딩스,더블유게임즈,인지컨트롤스,
,KTcs,신세계건설,샘표식품,덕양산업,
,SK렌터카,LG헬로비전,HDC현대산업개발,이구산업,
,CJ CGV,한전기술,대원강업,신도리코,
,HSD엔진,휴켐스,화천기공,인천도시가스,
,노루페인트,에이블씨엔씨,대한제분,우진플라임,
,한미약품,후성,대한제당,한세엠케이,
,한진칼,영원무역,한국수출포장공업,새론오토모티브,
,만도,코오롱플라스틱,TCC스틸,그린케미칼,
,일동제약,아세아시멘트,코오롱글로벌,메타랩스,
,오리온,화승엔터프라이즈,한진중공업홀딩스,동양피스톤,
,롯데정보통신,세아제강,현대약품,우진,
,현대오토에버,동진쎄미켐,깨끗한나라,락앤락,
,한국앤컴퍼니,안랩,국동,화인베스틸,
,SK하이닉스,에코프로,삼영전자공업,쿠쿠홀딩스,
,CJ,LX세미콘,휴니드테크놀러지스,토니모리,
,대상,매일유업,한국전자홀딩스,쿠쿠홈시스,
,한독,NICE평가정보,벽산,대유플러스,
,대한항공,에스에프에이,코리아써키트,LS네트웍스,
,현대제철,나스미디어,케이씨티시,대한방직,
,효성,하림,한올바이오파마,백광산업,
,현대그린푸드,주성엔지니어링,한국프랜지공업,동양,
,LS,엘앤에프,CJ씨푸드,케이비아이동국실업,
,대덕,비에이치,영흥,삼양통상,
,한샘,PI첨단소재,영보화학,삼익악기,
,OCI,지니뮤직,부산도시가스,보락,
,롯데케미칼,비츠로셀,환인제약,일성신약,
,현대모비스,셀트리온헬스케어,웅진,아이에이치큐,
,SK텔레콤,케어젠,신풍제약,삼영화학공업,
,한섬,서울반도체,MH에탄올,조광피혁,
,삼성엔지니어링,아이티엠반도체,남해화학,한신공영,
,LG유플러스,고영,유나이티드,코스모화학,
,카카오,원익IPS,지투알,인스코비,
,두산인프라코어,,우진플라임,우성사료,
,케이티스카이라이프,,하이스틸,일양약품,
,KTis,,대한제강,코리아써키트,
,현대백화점,,KEC,일정실업,
,현대리바트,,JW홀딩스,대양금속,
,대상홀딩스,,해태제과식품,엔케이물산,
,아모레퍼시픽,,컨버즈,평화홀딩스,
,엔에스쇼핑,,한국화장품,성안,
,종근당,,코오롱머티리얼,센트럴인사이트,
,삼성바이오로직스,,쿠쿠홀딩스,까뮤이앤씨,
,현대중공업지주,,크라운제과,영보화학,
,한화시스템,,센트랄모텍,에이엔피,
,효성화학,,조선내화,우신시스템,
,우리금융지주,,강남제비스코,일진머티리얼즈,
,하림지주,,금호전기,인팩,
,현대에버다임,,KISCO홀딩스,KPX케미칼,
,포스코 ICT,,아세아제지,디피씨,
,CJ프레시웨이,,국제약품,동원수산,
,CJ ENM,,성보화학,한국토지신탁,
,현대바이오랜드,,SNT중공업,진양화학,
,케이티알파,,세방,DSR제강,
,에스티팜,,동일산업,세진중공업,
,SK머티리얼즈,,모나미,동양고속,
,,,파미셀,세원이앤씨,
,,,대한해운,이아이디,
,,,대구백화점,미원홀딩스,
,,,한국특강,KC코트렐,
,,,태평양물산,미원화학,
,,,SIMPAC,드림텍,
,,,KC그린홀딩스,LS전선아시아,
,,,고려아연,대원강업,
,,,유니켐,이화산업,
,,,더존비즈온,만호제강,
,,,극동유화,삼성제약,
,,,태경산업,디아이동일,
,,,DB금융투자,신영증권,
,,,명문제약,한국수출포장공업,
,,,티에이치엔,조흥,
,,,한국종합기술,진흥기업,
,,,세하,흥아해운,
,,,세종공업,SNT중공업,
,,,키움증권,진양산업,
,,,한전KPS,팜젠사이언스,
,,,코아스,휴스틸,
,,,동양고속,대림비앤코,
,,,KPX홀딩스,대림통상,
,,,한진중공업,일신석재,
,,,이연제약,동방아그로,
,,,씨에스윈드,대동전자,
,,,에스제이엠,아남전자,
,,,덴티움,대우부품,
,,,디와이파워,고려아연,
,,,케이씨텍,퍼스텍,
,,,자이에스앤디,유니켐,
,,,포스코엠텍,모나리자,
,,,다우데이타,지엠비코리아,
,,,솔브레인홀딩스,극동유화,
,,,대아티아이,쎌마테라퓨틱스,
,,,이니텍,수산중공업,
,,,KH바텍,서원,
,,,이베스트투자증권,에쓰씨엔지니어링,
,,,대주전자재료,한국단자공업,
,,,갤럭시아머니트리,부국철강,
,,,지트리비앤티,비케이탑스,
,,,오이솔루션,YG PLUS,
,,,미래테크놀로지,다스코,
,,,클리오,용평리조트,
,,,유틸렉스,유니퀘스트,
,,,코리아센터,이월드,
,,,오리콤,디아이씨,
,,,케이엠더블유,진양홀딩스,
,,,삼표시멘트,컨버즈,
,,,SBS콘텐츠허브,조선선재,
,,,농우바이오,시디즈,
,,,티씨케이,제이에스코퍼레이션,
,,,유비쿼스홀딩스,아시아나IDT,
,,,크리스탈지노믹스,서부T&D,
,,,테스,브이티지엠피,
,,,다나와,원익홀딩스,
,,,사람인에이치알,오스코텍,
,,,클래시스,KG모빌리언스,
,,,에이치엘사이언스,CMG제약,
,,,펄어비스,다원시스,
,,,에이비엘바이오,네오팜,
,,,아주IB투자,위메이드,
,,,파라다이스,녹십자랩셀,
,,,에스엠,노바렉스,
,,,오스템임플란트,인크로스,
,,,신화인터텍,신흥에스이씨,
,,,아프리카TV,네이처셀,
,,,국일제지,리더스 기술투자,
,,,유진테크,코웰패션,
,,,코오롱생명과학,나노엔텍,
,,,와이지엔터테인먼트,인트론바이오,
,,,휴젤,NHN한국사이버결제,
,,,파마리서치,컴투스,
,,,휴온스,갤럭시아머니트리,
,,,이녹스첨단소재,알서포트,
,,,에이치엘비,KG ETS,
,,,한국기업평가,알테오젠,
,,,코미팜,RFHIC,
,,,인터플렉스,셀리버리,
,,,KT서브마린,에스엠코어,
,,,멀티캠퍼스,메이슨캐피탈,
,,,메디포스트,영풍정밀,
,,,헬릭스미스,우리기술투자,
,,,톱텍,인터플렉스,
,,,알서포트,드림어스컴퍼니,
,,,KG ETS,차바이오텍,
,,,골프존,씨젠,
,,,에코프로비엠,피엔티,
,,,와이즈버즈,서진시스템,
,,,원익홀딩스,텔콘RF제약,
,,,JYP Ent.,씨아이에스,
,,,카페24,코리아센터,
,,,한국정보인증,SGC이테크건설,
,,,드림어스컴퍼니,동화기업,
,,,웹젠,KCI,
,,,컴투스,위닉스,
,,,파트론,에스티큐브,
,,,위메이드,안트로젠,
,,,피엔티,에이스테크,
,,,콜마비앤에이치,동국S&C,
,,,인크로스,메지온,
,,,스튜디오드래곤,엔지켐생명과학,
,,,천보,덕산네오룩스,
,,,,에코마케팅,
,,,,엘앤씨바이오,
,,,,큐캐피탈,
,,,,아난티,
,,,,이오테크닉스,
,,,,대아티아이,
,,,,신화인터텍,
,,,,에이치엘비생명과학,
,,,,로보스타,
,,,,에스앤에스텍,
,,,,레고켐바이오,
,,,,슈피겐코리아,
,,,,메가스터디교육,
,,,,메드팩토,
,,,,나우IB,
